{
  "train_loss": [
    2.3002865314483643,
    2.231115953127543,
    1.9930051843325296,
    1.6862518548965455,
    1.4480021595954895,
    1.2528250058492025,
    1.0477575659751892,
    0.9291603028774261,
    0.8094690839449564,
    0.6433685372273127
  ],
  "train_acc": [
    0.11614583333333334,
    0.225,
    0.28177083333333336,
    0.3770833333333333,
    0.4791666666666667,
    0.5520833333333334,
    0.6307291666666667,
    0.6625,
    0.7208333333333333,
    0.7744791666666667
  ],
  "val_loss": [
    2.286247968673706,
    2.232485055923462,
    2.3553249835968018,
    2.5295968055725098,
    2.589559555053711,
    2.907154083251953,
    3.430060625076294,
    3.3503806591033936,
    3.499289035797119,
    3.328967332839966
  ],
  "val_acc": [
    0.2375,
    0.1875,
    0.1875,
    0.1375,
    0.15,
    0.2125,
    0.25,
    0.175,
    0.225,
    0.25
  ],
  "train_aux_loss": [
    0.0,
    0.0,
    0.0,
    0.0,
    0.0,
    0.0,
    0.0,
    0.0,
    0.0,
    0.0
  ],
  "val_aux_loss": [
    0.0,
    0.0,
    0.0,
    0.0,
    0.0,
    0.0,
    0.0,
    0.0,
    0.0,
    0.0
  ],
  "routing_reports": [],
  "best_epoch": 2.0,
  "best_val_loss": 2.232485055923462,
  "best_val_acc": 0.1875
}