{
  "train_loss": [
    2.2943589289983115,
    2.164701549212138,
    1.8767068187395732,
    1.6141049067179363,
    1.5660871148109436,
    1.328931494553884,
    1.1319855332374573,
    1.010597292582194,
    0.8893751124540965,
    0.8110115091005962,
    0.6603380451599757,
    0.6126168717940649,
    0.5541292309761048,
    0.4330777833859126
  ],
  "train_acc": [
    0.12760416666666666,
    0.24791666666666667,
    0.30833333333333335,
    0.38645833333333335,
    0.384375,
    0.490625,
    0.5604166666666667,
    0.5911458333333334,
    0.6427083333333333,
    0.70625,
    0.7640625,
    0.7770833333333333,
    0.8083333333333333,
    0.8536458333333333
  ],
  "val_loss": [
    2.2759628295898438,
    2.1396543979644775,
    2.1648640632629395,
    2.365049362182617,
    2.2650318145751953,
    2.299657106399536,
    2.718355655670166,
    2.6607391834259033,
    3.0448391437530518,
    3.116626024246216,
    3.037294864654541,
    3.415574550628662,
    3.359588623046875,
    3.4490866661071777
  ],
  "val_acc": [
    0.2625,
    0.2375,
    0.2375,
    0.2375,
    0.2375,
    0.25,
    0.2375,
    0.3,
    0.225,
    0.25,
    0.275,
    0.2375,
    0.3,
    0.2125
  ],
  "best_epoch": 2.0,
  "best_val_loss": 2.1396543979644775,
  "best_val_acc": 0.2375
}