{
  "train_loss": [
    2.307768368721008,
    2.306010095278422,
    2.306235599517822,
    2.3059411446253457,
    2.3081283887227375,
    2.3068432172139484,
    2.304980731010437,
    2.3049436887105306,
    2.3052974462509157,
    2.3035338083902994,
    2.3015735308329264,
    2.300722289085388,
    2.2979393800099692
  ],
  "train_acc": [
    0.08958333333333333,
    0.09114583333333333,
    0.09114583333333333,
    0.09791666666666667,
    0.09114583333333333,
    0.1,
    0.10625,
    0.09947916666666666,
    0.10104166666666667,
    0.10364583333333334,
    0.10677083333333333,
    0.10260416666666666,
    0.11979166666666667
  ],
  "val_loss": [
    2.3034322261810303,
    2.303605556488037,
    2.303990602493286,
    2.3051278591156006,
    2.305448055267334,
    2.304194927215576,
    2.304248094558716,
    2.306262969970703,
    2.3045856952667236,
    2.3070647716522217,
    2.310786008834839,
    2.311359405517578,
    2.3169548511505127
  ],
  "val_acc": [
    0.1,
    0.1,
    0.1125,
    0.1,
    0.1,
    0.1,
    0.1125,
    0.1125,
    0.1,
    0.1,
    0.1125,
    0.0875,
    0.0375
  ],
  "best_epoch": 1.0,
  "best_val_loss": 2.3034322261810303,
  "best_val_acc": 0.1
}