{
  "train_loss": [
    2.2960731267929075,
    2.1702418684959413,
    1.9413938601811727,
    1.6890539328257244,
    1.6021408081054687,
    1.383970848719279,
    1.1183484415213267,
    1.0740125854810079,
    0.8610802471637726,
    0.7193395654360454,
    0.6231221854686737,
    0.5579320599635442,
    0.4770206054051717,
    0.4348243946830432,
    0.41902614484230677
  ],
  "train_acc": [
    0.12552083333333333,
    0.25104166666666666,
    0.29739583333333336,
    0.37135416666666665,
    0.40260416666666665,
    0.47708333333333336,
    0.5776041666666667,
    0.6098958333333333,
    0.6802083333333333,
    0.7265625,
    0.7671875,
    0.7895833333333333,
    0.8359375,
    0.8385416666666666,
    0.8557291666666667
  ],
  "val_loss": [
    2.294360637664795,
    2.2384469509124756,
    2.1897976398468018,
    2.293510675430298,
    2.6396961212158203,
    2.6321053504943848,
    2.9664018154144287,
    3.4431023597717285,
    3.2855186462402344,
    3.8500800132751465,
    4.1828813552856445,
    4.488935947418213,
    4.528677463531494,
    4.409043312072754,
    4.465697288513184
  ],
  "val_acc": [
    0.1,
    0.2,
    0.2375,
    0.2875,
    0.2,
    0.2125,
    0.2375,
    0.2,
    0.175,
    0.1375,
    0.2,
    0.1,
    0.2125,
    0.1875,
    0.225
  ],
  "best_epoch": 3.0,
  "best_val_loss": 2.1897976398468018,
  "best_val_acc": 0.2375
}