{
  "train_loss": [
    2.2971764246622723,
    2.2141353766123455,
    1.955097230275472,
    1.6586300015449524,
    1.41981836160024,
    1.1725343386332194,
    1.059686440229416,
    0.8596272150675456,
    0.7157938977082571,
    0.5965361605087917,
    0.5044918398062388
  ],
  "train_acc": [
    0.10520833333333333,
    0.2484375,
    0.3265625,
    0.40520833333333334,
    0.49322916666666666,
    0.5770833333333333,
    0.6130208333333333,
    0.7046875,
    0.7453125,
    0.7895833333333333,
    0.8260416666666667
  ],
  "val_loss": [
    2.2946057319641113,
    2.242709159851074,
    2.1438241004943848,
    2.45114803314209,
    2.5804638862609863,
    2.7382748126983643,
    2.7899422645568848,
    3.0987823009490967,
    3.306307315826416,
    3.5732789039611816,
    3.724226474761963
  ],
  "val_acc": [
    0.1125,
    0.1625,
    0.1875,
    0.2375,
    0.2375,
    0.2375,
    0.2,
    0.2,
    0.175,
    0.175,
    0.2375
  ],
  "train_aux_loss": [
    0.0,
    0.0,
    0.0,
    0.0,
    0.0,
    0.0,
    0.0,
    0.0,
    0.0,
    0.0,
    0.0
  ],
  "val_aux_loss": [
    0.0,
    0.0,
    0.0,
    0.0,
    0.0,
    0.0,
    0.0,
    0.0,
    0.0,
    0.0,
    0.0
  ],
  "routing_reports": [],
  "best_epoch": 3.0,
  "best_val_loss": 2.1438241004943848,
  "best_val_acc": 0.1875
}