{
  "train_loss": [
    2.3069833199183147,
    2.306447649002075,
    2.3037325064341228,
    2.305796774228414,
    2.3027815580368043,
    2.304913942019145,
    2.2932068904240928,
    2.301454250017802,
    2.292215593655904,
    2.2729445695877075,
    2.26609632174174,
    2.246208635965983,
    2.21733287970225,
    2.2017361084620157,
    2.1743950525919598,
    2.1496620019276937,
    2.1300647258758545
  ],
  "train_acc": [
    0.0953125,
    0.08958333333333333,
    0.0921875,
    0.09635416666666667,
    0.10104166666666667,
    0.10052083333333334,
    0.11979166666666667,
    0.09739583333333333,
    0.125,
    0.13541666666666666,
    0.13958333333333334,
    0.14739583333333334,
    0.15572916666666667,
    0.159375,
    0.16875,
    0.18229166666666666,
    0.18645833333333334
  ],
  "val_loss": [
    2.3034827709198,
    2.303101062774658,
    2.303034782409668,
    2.3024916648864746,
    2.2969155311584473,
    2.2973239421844482,
    2.3200249671936035,
    2.302323818206787,
    2.308891773223877,
    2.320779323577881,
    2.3041646480560303,
    2.3496270179748535,
    2.3513708114624023,
    2.4031710624694824,
    2.4349093437194824,
    2.4617760181427,
    2.8336873054504395
  ],
  "val_acc": [
    0.1,
    0.1,
    0.075,
    0.1,
    0.15,
    0.125,
    0.125,
    0.0875,
    0.1375,
    0.125,
    0.15,
    0.1125,
    0.1125,
    0.0875,
    0.0875,
    0.1,
    0.0875
  ],
  "best_epoch": 5.0,
  "best_val_loss": 2.2969155311584473,
  "best_val_acc": 0.15
}