{
  "train_loss": [
    2.303971193932198,
    2.3036809676402323,
    2.3038406372070312,
    2.303037501670219,
    2.3039436018144763,
    2.303452124466767,
    2.3034838856877506,
    2.301217961955715,
    2.302426834364195,
    2.3016645650605896,
    2.2990658992045634,
    2.3005627812565983,
    2.2958768058467554,
    2.2934610972533354,
    2.292894344072084
  ],
  "train_acc": [
    0.09797297297297297,
    0.09079391891891891,
    0.09670608108108109,
    0.10092905405405406,
    0.0933277027027027,
    0.10219594594594594,
    0.0941722972972973,
    0.1085304054054054,
    0.09755067567567567,
    0.10726351351351351,
    0.11317567567567567,
    0.109375,
    0.11613175675675676,
    0.13006756756756757,
    0.11275337837837837
  ],
  "val_loss": [
    2.3030537605285644,
    2.3026865005493162,
    2.302582206726074,
    2.302981986999512,
    2.3030850505828857,
    2.3034654903411864,
    2.302710199356079,
    2.3034462833404543,
    2.3094395065307616,
    2.305517520904541,
    2.305268545150757,
    2.3038424968719484,
    2.308627014160156,
    2.308632879257202,
    2.3126765155792235
  ],
  "val_acc": [
    0.1,
    0.1,
    0.1025,
    0.1025,
    0.1025,
    0.0975,
    0.11,
    0.1175,
    0.1,
    0.1075,
    0.1025,
    0.105,
    0.105,
    0.1075,
    0.0975
  ],
  "best_epoch": 3.0,
  "best_val_loss": 2.302582206726074,
  "best_val_acc": 0.1025
}