{
  "train_loss": [
    2.298902718226115,
    2.247764158248901,
    2.141481812795003,
    1.970153562227885,
    1.7632360816001893,
    1.608989461263021,
    1.4558362682660422,
    1.338290544350942,
    1.2521393338839213,
    1.133668710788091,
    1.0397905786832173,
    0.9623974859714508,
    0.8472775479157766,
    0.8193840563297272,
    0.7237751503785451,
    0.6703217665354411,
    0.5986088941494624
  ],
  "train_acc": [
    0.1140625,
    0.1921875,
    0.26510416666666664,
    0.35,
    0.4296875,
    0.46458333333333335,
    0.5223958333333333,
    0.5520833333333334,
    0.5890625,
    0.6333333333333333,
    0.6614583333333334,
    0.7057291666666666,
    0.7359375,
    0.7453125,
    0.7828125,
    0.7958333333333333,
    0.8223958333333333
  ],
  "val_loss": [
    2.306269645690918,
    2.3043408393859863,
    2.28719162940979,
    2.299922466278076,
    2.2739996910095215,
    2.4833407402038574,
    2.57250714302063,
    2.5396955013275146,
    2.4877982139587402,
    2.7280380725860596,
    2.6261019706726074,
    2.9087018966674805,
    2.763911724090576,
    2.893531560897827,
    2.997718095779419,
    2.973907709121704,
    3.084434986114502
  ],
  "val_acc": [
    0.075,
    0.1,
    0.1625,
    0.225,
    0.2125,
    0.1875,
    0.1875,
    0.175,
    0.2375,
    0.1875,
    0.25,
    0.125,
    0.2375,
    0.15,
    0.1875,
    0.2,
    0.175
  ],
  "best_epoch": 5.0,
  "best_val_loss": 2.2739996910095215,
  "best_val_acc": 0.2125
}