{
  "train_loss": [
    2.309121513366699,
    2.3057105779647826,
    2.3040118137995402,
    2.304202644030253,
    2.3017160733540853,
    2.3025577306747436,
    2.3013181050618488,
    2.300000961621602,
    2.296332097053528,
    2.2978309392929077,
    2.290543468793233,
    2.2913506269454955,
    2.2978288173675536,
    2.2882303396860757,
    2.280607048670451,
    2.280481155713399,
    2.27498775323232,
    2.2659446795781455,
    2.264545281728109,
    2.2538816928863525,
    2.2491109053293865,
    2.2473458846410117,
    2.23062748114268,
    2.2251908143361407
  ],
  "train_acc": [
    0.09791666666666667,
    0.08802083333333334,
    0.09947916666666666,
    0.10520833333333333,
    0.109375,
    0.10729166666666666,
    0.09791666666666667,
    0.1171875,
    0.11927083333333334,
    0.1140625,
    0.1328125,
    0.12291666666666666,
    0.1265625,
    0.13958333333333334,
    0.140625,
    0.14010416666666667,
    0.15104166666666666,
    0.15729166666666666,
    0.15052083333333333,
    0.16302083333333334,
    0.15833333333333333,
    0.16458333333333333,
    0.19583333333333333,
    0.19375
  ],
  "val_loss": [
    2.3090734481811523,
    2.3063416481018066,
    2.306873083114624,
    2.3065056800842285,
    2.312002420425415,
    2.310340166091919,
    2.3064467906951904,
    2.309329032897949,
    2.317957639694214,
    2.3152427673339844,
    2.3182950019836426,
    2.301957368850708,
    2.310241937637329,
    2.323425769805908,
    2.315885305404663,
    2.3261866569519043,
    2.3312928676605225,
    2.327826976776123,
    2.336728811264038,
    2.3544487953186035,
    2.330798625946045,
    2.323884963989258,
    2.3374414443969727,
    2.3359668254852295
  ],
  "val_acc": [
    0.0875,
    0.1,
    0.1125,
    0.1,
    0.125,
    0.0625,
    0.075,
    0.1,
    0.1,
    0.0875,
    0.0625,
    0.125,
    0.05,
    0.125,
    0.0875,
    0.075,
    0.1,
    0.075,
    0.0875,
    0.0875,
    0.1125,
    0.1,
    0.1,
    0.1
  ],
  "best_epoch": 12.0,
  "best_val_loss": 2.301957368850708,
  "best_val_acc": 0.125
}