{
  "train_loss": [
    2.3001603921254477,
    2.2425940990448,
    2.1377100547154746,
    1.979348071416219,
    1.8042330463727316,
    1.5792239944140116,
    1.4056991457939148,
    1.2348170797030131,
    1.1060298482577007,
    0.9761853833993276,
    0.9589401523272196,
    0.8639745473861694,
    0.7699051618576049,
    0.711633050441742,
    0.6350247929493587
  ],
  "train_acc": [
    0.12083333333333333,
    0.19479166666666667,
    0.2916666666666667,
    0.371875,
    0.41822916666666665,
    0.496875,
    0.5494791666666666,
    0.590625,
    0.6442708333333333,
    0.6885416666666667,
    0.6979166666666666,
    0.71875,
    0.7541666666666667,
    0.7744791666666667,
    0.8109375
  ],
  "val_loss": [
    2.298424243927002,
    2.288750648498535,
    2.2808823585510254,
    2.3120901584625244,
    2.3488821983337402,
    2.51393461227417,
    2.6320016384124756,
    2.68695330619812,
    2.91626238822937,
    2.981269359588623,
    2.9876599311828613,
    3.0439229011535645,
    3.15714693069458,
    3.217383861541748,
    3.2913315296173096
  ],
  "val_acc": [
    0.0875,
    0.1125,
    0.125,
    0.1875,
    0.2,
    0.15,
    0.15,
    0.2,
    0.2,
    0.225,
    0.15,
    0.2125,
    0.125,
    0.2,
    0.175
  ],
  "best_epoch": 3.0,
  "best_val_loss": 2.2808823585510254,
  "best_val_acc": 0.125
}