{
  "train_loss": [
    2.312728007634481,
    2.3039303620656333,
    2.3011420567830405,
    2.2918158372243247,
    2.289361000061035,
    2.2827722231547036,
    2.2635957400004068,
    2.256300369898478,
    2.2380263010660806,
    2.231712818145752,
    2.198833386103312,
    2.1818044980367026,
    2.159630219141642,
    2.1460930506388345,
    2.121441682179769,
    2.102473179499308,
    2.076709747314453,
    2.0756235917409263,
    2.044088125228882,
    2.002860188484192,
    1.973548452059428,
    1.959536870320638,
    1.919007380803426,
    1.9150092601776123,
    1.883772889773051,
    1.8654611905415852,
    1.8350918292999268,
    1.835474689801534,
    1.8041001558303833,
    1.772680362065633,
    1.7456519206364949,
    1.7273011207580566,
    1.7074697415033977,
    1.6775326331456502,
    1.6829033692677815,
    1.6724220514297485,
    1.663238286972046,
    1.6552859544754028,
    1.6394800345102947,
    1.6465821663538616,
    1.620380163192749,
    1.6214741071065266,
    1.6241811116536458,
    1.6137160857518513,
    1.6056105693181355,
    1.601932684580485,
    1.6150724093119304,
    1.612391511599223,
    1.5829785664876301,
    1.5951069196065266
  ],
  "train_acc": [
    0.09895833333333333,
    0.125,
    0.13020833333333334,
    0.13541666666666666,
    0.11458333333333333,
    0.09895833333333333,
    0.16666666666666666,
    0.16145833333333334,
    0.22395833333333334,
    0.17708333333333334,
    0.21875,
    0.28125,
    0.2864583333333333,
    0.2760416666666667,
    0.3020833333333333,
    0.34375,
    0.3489583333333333,
    0.34375,
    0.3229166666666667,
    0.3645833333333333,
    0.3645833333333333,
    0.3854166666666667,
    0.421875,
    0.4010416666666667,
    0.4166666666666667,
    0.4270833333333333,
    0.4635416666666667,
    0.453125,
    0.4895833333333333,
    0.4895833333333333,
    0.4895833333333333,
    0.4895833333333333,
    0.4947916666666667,
    0.5052083333333334,
    0.4895833333333333,
    0.4947916666666667,
    0.5104166666666666,
    0.515625,
    0.53125,
    0.515625,
    0.5260416666666666,
    0.5260416666666666,
    0.5260416666666666,
    0.5416666666666666,
    0.5416666666666666,
    0.5364583333333334,
    0.5208333333333334,
    0.53125,
    0.546875,
    0.546875
  ],
  "val_loss": [
    2.306645545959473,
    2.300322313308716,
    2.2943506717681883,
    2.2865570259094237,
    2.2776063537597655,
    2.266060638427734,
    2.2545731830596925,
    2.2394425773620608,
    2.222078323364258,
    2.2040413093566893,
    2.188427543640137,
    2.1632852745056153,
    2.135409460067749,
    2.12066930770874,
    2.090348091125488,
    2.089069061279297,
    2.0763633346557615,
    2.041777181625366,
    2.0003887176513673,
    2.0030524826049803,
    1.9575766563415526,
    1.933661823272705,
    1.927309980392456,
    1.892169108390808,
    1.8704617357254028,
    1.8349192142486572,
    1.831804060935974,
    1.8012587118148804,
    1.7823906898498536,
    1.750677876472473,
    1.7364940547943115,
    1.7135738563537597,
    1.700115122795105,
    1.6798840904235839,
    1.6664495801925658,
    1.6541471242904664,
    1.6492673826217652,
    1.6404143619537352,
    1.6309913778305054,
    1.622896022796631,
    1.616495633125305,
    1.6107624673843384,
    1.6060183334350586,
    1.6019873571395875,
    1.599616994857788,
    1.5982218408584594,
    1.5969951629638672,
    1.5962619733810426,
    1.5958584022521973,
    1.5956933355331422
  ],
  "val_acc": [
    0.12,
    0.13,
    0.115,
    0.125,
    0.11,
    0.155,
    0.17,
    0.22,
    0.22,
    0.185,
    0.245,
    0.285,
    0.345,
    0.32,
    0.35,
    0.305,
    0.335,
    0.325,
    0.36,
    0.36,
    0.375,
    0.395,
    0.41,
    0.425,
    0.415,
    0.445,
    0.455,
    0.485,
    0.495,
    0.505,
    0.475,
    0.47,
    0.49,
    0.5,
    0.51,
    0.525,
    0.515,
    0.525,
    0.53,
    0.525,
    0.525,
    0.535,
    0.545,
    0.535,
    0.54,
    0.54,
    0.535,
    0.535,
    0.54,
    0.54
  ],
  "best_epoch": 50.0,
  "best_val_loss": 1.5956933355331422,
  "best_val_acc": 0.54
}