{
  "train_loss": [
    2.302713171641032,
    2.3023833513259886,
    2.2933023532231647,
    2.167289972305298,
    1.929068680604299,
    1.7234068115552266,
    1.5347090760866802,
    1.3669004122416177,
    1.2679696122805277,
    1.1450352529684702,
    1.0580865383148192,
    0.966732261578242,
    0.8905462265014649,
    0.7850939551989238,
    0.7772914350032807
  ],
  "train_acc": [
    0.10052083333333334,
    0.10364583333333334,
    0.17395833333333333,
    0.26614583333333336,
    0.29583333333333334,
    0.36770833333333336,
    0.4557291666666667,
    0.5088541666666667,
    0.5489583333333333,
    0.590625,
    0.621875,
    0.6604166666666667,
    0.690625,
    0.7234375,
    0.7244791666666667
  ],
  "val_loss": [
    2.3023767471313477,
    2.301934003829956,
    2.2793161869049072,
    2.341923713684082,
    2.3898017406463623,
    2.3258700370788574,
    2.6285758018493652,
    2.8628296852111816,
    2.9174976348876953,
    2.9803993701934814,
    2.9936647415161133,
    3.465428113937378,
    4.049927711486816,
    4.125744342803955,
    4.179640293121338
  ],
  "val_acc": [
    0.0875,
    0.1125,
    0.225,
    0.175,
    0.1875,
    0.1875,
    0.1625,
    0.225,
    0.1875,
    0.175,
    0.25,
    0.175,
    0.175,
    0.1375,
    0.175
  ],
  "best_epoch": 3.0,
  "best_val_loss": 2.2793161869049072,
  "best_val_acc": 0.225
}