{
  "train_loss": [
    2.3029428641001384,
    2.302496902147929,
    2.296675276756287,
    2.2025105237960814,
    1.9791269818941752,
    1.7242870489756266,
    1.546679389476776,
    1.3805343786875406,
    1.2038206418355306,
    1.0672615448633829,
    1.0035020411014557,
    0.8796772420406341,
    0.8094181140263875,
    0.7391256411870321,
    0.6729755342006684,
    0.6033487985531489
  ],
  "train_acc": [
    0.09791666666666667,
    0.1,
    0.14895833333333333,
    0.21041666666666667,
    0.27708333333333335,
    0.365625,
    0.4348958333333333,
    0.49375,
    0.5505208333333333,
    0.6036458333333333,
    0.6348958333333333,
    0.6942708333333333,
    0.715625,
    0.7442708333333333,
    0.7677083333333333,
    0.7765625
  ],
  "val_loss": [
    2.3024935722351074,
    2.302060127258301,
    2.285754680633545,
    2.246612310409546,
    2.2949881553649902,
    2.5483226776123047,
    2.699101448059082,
    2.9104082584381104,
    3.131282329559326,
    3.424116849899292,
    3.6969833374023438,
    3.800849437713623,
    3.8301539421081543,
    4.078435897827148,
    4.4869065284729,
    4.558077812194824
  ],
  "val_acc": [
    0.1,
    0.125,
    0.175,
    0.175,
    0.2375,
    0.2375,
    0.2625,
    0.2875,
    0.2875,
    0.25,
    0.1875,
    0.1875,
    0.275,
    0.2125,
    0.2,
    0.2125
  ],
  "best_epoch": 4.0,
  "best_val_loss": 2.246612310409546,
  "best_val_acc": 0.175
}