{
  "train_loss": [
    2.3033339738845826,
    2.3028635025024413
  ],
  "train_acc": [
    0.09375,
    0.1
  ],
  "val_loss": [
    2.3025479316711426,
    2.3024253845214844
  ],
  "val_acc": [
    0.1,
    0.1125
  ],
  "best_epoch": 2.0,
  "best_val_loss": 2.3024253845214844,
  "best_val_acc": 0.1125
}