{
  "train_loss": [
    2.3031947374343873,
    2.3029700915018716,
    2.2971511681874595,
    2.1851637840270994,
    1.9390388607978821,
    1.726628557840983,
    1.553827659289042,
    1.3936626712481182,
    1.2951815684636434,
    1.152136931816737,
    1.1136138319969178,
    1.003191981712977,
    0.9681820114453633,
    0.8541462163130442,
    0.8119369347890218,
    0.7474538306395213
  ],
  "train_acc": [
    0.08177083333333333,
    0.1046875,
    0.14427083333333332,
    0.25104166666666666,
    0.303125,
    0.37916666666666665,
    0.4395833333333333,
    0.4947916666666667,
    0.5416666666666666,
    0.5947916666666667,
    0.5958333333333333,
    0.6348958333333333,
    0.6546875,
    0.6942708333333333,
    0.7098958333333333,
    0.7442708333333333
  ],
  "val_loss": [
    2.3026235103607178,
    2.302387237548828,
    2.2974495887756348,
    2.2950706481933594,
    2.3741841316223145,
    2.6724321842193604,
    2.8308119773864746,
    2.718306303024292,
    2.9812560081481934,
    3.1786913871765137,
    3.326897144317627,
    3.4037833213806152,
    3.4340736865997314,
    3.875401735305786,
    3.9239578247070312,
    3.95548939704895
  ],
  "val_acc": [
    0.1,
    0.125,
    0.15,
    0.1875,
    0.1875,
    0.1625,
    0.2375,
    0.2375,
    0.2,
    0.1875,
    0.2125,
    0.25,
    0.2125,
    0.2375,
    0.225,
    0.2
  ],
  "best_epoch": 4.0,
  "best_val_loss": 2.2950706481933594,
  "best_val_acc": 0.1875
}