{
  "train_loss": [
    2.303153093655904,
    2.302708125114441,
    2.3033273220062256,
    2.3032274723052977,
    2.302064228057861,
    2.2965731382369996,
    2.287621808052063,
    2.2600854635238647,
    2.2412208954493207,
    2.190668288866679,
    2.157827297846476,
    2.098720300197601,
    2.0609443823496503,
    2.043351658185323,
    1.993908687432607,
    1.953919772307078,
    1.9373151381810507
  ],
  "train_acc": [
    0.09479166666666666,
    0.10104166666666667,
    0.09427083333333333,
    0.096875,
    0.10989583333333333,
    0.12916666666666668,
    0.13125,
    0.15416666666666667,
    0.15885416666666666,
    0.17916666666666667,
    0.19739583333333333,
    0.21666666666666667,
    0.23229166666666667,
    0.24010416666666667,
    0.2796875,
    0.27708333333333335,
    0.26979166666666665
  ],
  "val_loss": [
    2.3026137351989746,
    2.302651882171631,
    2.3027892112731934,
    2.302819013595581,
    2.3008623123168945,
    2.305586576461792,
    2.307576894760132,
    2.353367567062378,
    2.370305299758911,
    2.392096996307373,
    2.4257984161376953,
    2.4522454738616943,
    2.5532474517822266,
    2.583188772201538,
    2.5798678398132324,
    2.5621981620788574,
    2.585879325866699
  ],
  "val_acc": [
    0.1,
    0.1,
    0.1,
    0.1125,
    0.0875,
    0.075,
    0.075,
    0.1125,
    0.1375,
    0.125,
    0.1,
    0.125,
    0.125,
    0.0875,
    0.125,
    0.1625,
    0.1375
  ],
  "best_epoch": 5.0,
  "best_val_loss": 2.3008623123168945,
  "best_val_acc": 0.0875
}