{
  "train_loss": [
    2.3031009435653687,
    2.302946925163269,
    2.3017900228500365,
    2.2961652517318725,
    2.2518515825271606,
    2.1309269666671753,
    1.938265323638916,
    1.708426594734192,
    1.5349323153495789,
    1.4084710597991943,
    1.3075007200241089,
    1.204386842250824,
    1.075019896030426,
    1.0069235682487487,
    0.8842731475830078,
    0.8239433348178864,
    0.7545350849628448,
    0.7215446472167969
  ],
  "train_acc": [
    0.0890625,
    0.0890625,
    0.125,
    0.2125,
    0.2625,
    0.2578125,
    0.2890625,
    0.38125,
    0.428125,
    0.434375,
    0.5078125,
    0.525,
    0.5765625,
    0.6234375,
    0.6796875,
    0.690625,
    0.71875,
    0.75625
  ],
  "val_loss": [
    2.3025755882263184,
    2.3024744987487793,
    2.3019537925720215,
    2.290860414505005,
    2.264293670654297,
    2.241703510284424,
    2.414184331893921,
    2.5280439853668213,
    2.845421075820923,
    3.1720659732818604,
    3.3604092597961426,
    3.6803994178771973,
    3.733302593231201,
    3.87196683883667,
    4.324575424194336,
    4.5635480880737305,
    4.953015327453613,
    4.911839485168457
  ],
  "val_acc": [
    0.1,
    0.1,
    0.1875,
    0.2,
    0.1,
    0.15,
    0.125,
    0.1875,
    0.1375,
    0.125,
    0.1375,
    0.125,
    0.175,
    0.15,
    0.15,
    0.15,
    0.15,
    0.15
  ],
  "best_epoch": 6.0,
  "best_val_loss": 2.241703510284424,
  "best_val_acc": 0.15
}