{
  "train_supcon_loss": [
    3.196335853099823,
    2.0275490272045134,
    1.7843526175022126,
    1.7355599179267884,
    1.7153529736995696,
    1.6349287235736847,
    1.704295893907547,
    1.6353260519504547,
    1.6142623677253722,
    1.6995441236495972,
    1.6193425891399384,
    1.6565073959827423,
    1.6603109962940217
  ],
  "val_supcon_loss": [
    4.9578133261347395,
    4.896749479224883,
    4.65951841997813,
    4.919041432530047,
    4.991400517613055,
    4.9349985639733,
    4.819122009966747,
    5.177275789789407,
    5.511283863021667,
    5.17297360408737,
    5.977242814489157,
    4.927032005356018,
    5.258309203458119
  ],
  "train_1nn_acc": [
    53.94,
    94.37666666666667,
    98.62666666666667,
    99.00666666666666,
    99.15333333333334,
    99.90333333333334,
    99.15333333333334,
    99.86333333333334,
    99.99333333333334,
    99.0,
    99.95333333333333,
    99.51,
    99.58
  ],
  "val_1nn_acc": [
    0.7020833536982536,
    0.6295833442360163,
    0.5248611193150282,
    0.5701389007270337,
    0.5194444540888071,
    0.4965277874842286,
    0.49972223192453386,
    0.4873611195012927,
    0.46041667480021714,
    0.4977777861058712,
    0.47416667696088555,
    0.4811111191287637,
    0.4609722336754203
  ],
  "train_linprob_acc": [
    null,
    null,
    null,
    null,
    100.0,
    null,
    null,
    null,
    null,
    100.0,
    null,
    null,
    null
  ],
  "val_linprob_acc": [
    null,
    null,
    null,
    null,
    9.912499785423279,
    null,
    null,
    null,
    null,
    9.562499821186066,
    null,
    null,
    null
  ]
}