{
  "train_supcon_loss": [
    3.895738248348236,
    3.002228355884552,
    2.374954078435898,
    2.1034975006580354,
    1.9820815017223359,
    1.8315830304622651,
    1.7378639709949493,
    1.7172016732692719,
    1.690306902885437,
    1.6784943346977235,
    1.7018041553497314,
    1.6679763224124908,
    1.6766265048980713
  ],
  "val_supcon_loss": [
    4.245620940105025,
    4.460549750960017,
    4.850757311625653,
    4.786193296133754,
    4.405218084174466,
    4.869048204766699,
    5.186998666050923,
    5.411057414778744,
    5.433961718915457,
    5.397678495889687,
    5.315554136253265,
    5.540356371776167,
    5.280104269464332
  ],
  "train_1nn_acc": [
    25.94,
    64.57333333333334,
    86.09666666666666,
    92.84,
    94.93,
    97.41666666666666,
    98.76,
    99.07333333333334,
    99.3,
    99.39,
    99.01666666666667,
    99.49333333333334,
    99.34333333333333
  ],
  "val_1nn_acc": [
    0.5698611199855804,
    0.5202777858823537,
    0.5054166745394468,
    0.45430556442588566,
    0.43125000707805156,
    0.40652778539806605,
    0.3980555612593889,
    0.37569445203989743,
    0.36375000756233933,
    0.34847222995013,
    0.38819445185363294,
    0.3619444534182549,
    0.35972222946584226
  ],
  "train_linprob_acc": [
    null,
    null,
    null,
    null,
    99.75333213806152,
    null,
    null,
    null,
    null,
    100.0,
    null,
    null,
    null
  ],
  "val_linprob_acc": [
    null,
    null,
    null,
    null,
    8.85000005364418,
    null,
    null,
    null,
    null,
    9.600000083446503,
    null,
    null,
    null
  ]
}