{
  "model_type": "DeepCNNLSTM",
  "use_MOE": true,
  "MOE_placement": "encoder",
  "timestamp": "20260327_1428",
  "folds": [
    {
      "fold_idx": 0,
      "best_val_acc": 0.9041666666666667,
      "mean_user_acc": 0.8885416666666667,
      "std_user_acc": 0.04529753105241437,
      "per_user_means": {
        "P011": 0.8625,
        "P006": 0.9583333333333334,
        "P105": 0.8958333333333334,
        "P109": 0.8375
      },
      "val_loss_log": [
        0.897322154045105,
        0.7976121932268143,
        0.6091775357723236,
        0.526735407859087,
        0.7142030537128449,
        0.6721471853554248,
        0.6351632446050643,
        0.6508743539452553,
        0.6218732096254825,
        0.5707147233188152,
        0.5806296430528164,
        0.6560683503746987,
        0.6446762092411518,
        0.5898416101932525,
        0.6045401878654957,
        0.5368606485426426,
        0.4922833889722824,
        0.5531416453421116,
        0.5210929311811924,
        0.47373504638671876,
        0.506401065737009,
        0.5308583699166775,
        0.5407015301287175,
        0.5423550494015217,
        0.5942021816968918,
        0.5434528507292271,
        0.6205264396965504,
        0.47684132903814314,
        0.493822468817234
      ],
      "val_acc_log": [
        0.7083333333333334,
        0.7041666666666667,
        0.8708333333333333,
        0.8916666666666667,
        0.746875,
        0.78125,
        0.7697916666666667,
        0.821875,
        0.821875,
        0.825,
        0.8260416666666667,
        0.778125,
        0.7947916666666667,
        0.828125,
        0.8083333333333333,
        0.859375,
        0.8979166666666667,
        0.859375,
        0.8635416666666667,
        0.9041666666666667,
        0.875,
        0.8614583333333333,
        0.8479166666666667,
        0.8572916666666667,
        0.8291666666666667,
        0.8479166666666667,
        0.8052083333333333,
        0.903125,
        0.8885416666666667
      ]
    }
  ]
}