{
  "model_type": "DeepCNNLSTM",
  "use_moe": false,
  "moe_placement": "middle",
  "timestamp": "20260326_2207",
  "folds": [
    {
      "fold_idx": 0,
      "best_val_acc": 0.9041666666666667,
      "mean_user_acc": 0.9114583333333334,
      "std_user_acc": 0.059173635153015845,
      "per_user_means": {
        "P011": 0.8333333333333333,
        "P006": 0.9916666666666668,
        "P105": 0.9375,
        "P109": 0.8833333333333332
      },
      "val_loss_log": [
        0.6898929461836815,
        0.6243369810283184,
        0.5538600422441959,
        0.5155831702053547,
        0.5250653930008411,
        0.5194024816155434,
        0.6297447241842746,
        0.5620362125337124,
        0.6525566585361957,
        0.7795026130974293,
        0.7409185603260994,
        0.82229083776474,
        0.665171780437231,
        0.6286301665008068
      ],
      "val_acc_log": [
        0.8427083333333333,
        0.8416666666666667,
        0.8770833333333333,
        0.9041666666666667,
        0.8854166666666666,
        0.8895833333333333,
        0.8104166666666667,
        0.8583333333333333,
        0.765625,
        0.69375,
        0.6875,
        0.625,
        0.7635416666666667,
        0.7958333333333333
      ]
    }
  ]
}