{
  "train_supcon_loss": [
    3.877441858291626,
    2.98015807056427,
    2.3479424915313722,
    2.070898225545883,
    1.9483204064369202,
    1.7846828291416168,
    1.6969299068450927,
    1.7203629093170165,
    1.6349271004199981,
    1.7436864671707153,
    1.6697089321613312,
    1.6207888612747192,
    1.6135767970085144,
    1.6123525023460388
  ],
  "val_supcon_loss": [
    4.2659051619380355,
    4.772881640009134,
    4.863295359783862,
    5.008100446448268,
    4.915833978767854,
    5.028005944677146,
    5.066346846431134,
    4.8772812693952075,
    5.014299415680299,
    4.899430200278041,
    5.293759616024523,
    5.701539056846895,
    6.002180760165295,
    5.961661775428128
  ],
  "train_1nn_acc": [
    27.12,
    65.64333333333333,
    87.50333333333333,
    94.12666666666667,
    96.25333333333333,
    98.61333333333333,
    99.57666666666667,
    99.25,
    99.93333333333332,
    98.83999999999999,
    99.67,
    99.98666666666666,
    100.0,
    100.0
  ],
  "val_1nn_acc": [
    0.5697222288697958,
    0.5983333431184292,
    0.5847222335636616,
    0.5355555642396211,
    0.5088888995349408,
    0.4577777834609151,
    0.456666674464941,
    0.4212500074878335,
    0.4415277846157551,
    0.43430556245148183,
    0.417083340510726,
    0.4423611182719469,
    0.4297222293913364,
    0.4005555626004934
  ],
  "train_linprob_acc": [
    null,
    null,
    null,
    null,
    99.23666715621948,
    null,
    null,
    null,
    null,
    99.83333349227905,
    null,
    null,
    null,
    null
  ],
  "val_linprob_acc": [
    null,
    null,
    null,
    null,
    9.574999660253525,
    null,
    null,
    null,
    null,
    9.525000303983688,
    null,
    null,
    null,
    null
  ]
}